word_index,word,word_phrase,senses,gold_image,gold_pos,gold_sense,prompt,generated_text,predicted_label,sense_number
30,lift,"Before the reunion, she decided it was time for a lift.","{""n"": [""the act of giving temporary assistance"", ""the component of the aerodynamic forces acting on an airfoil that opposes gravity"", ""the event of something being raised upward"", ""a wave that lifts the surface of the water or ground"", ""a powered conveyance that carries skiers up a hill"", ""a device worn in a shoe or boot to make the wearer look taller or to correct a shortened leg"", ""one of the layers forming the heel of a shoe or boot"", ""lifting device consisting of a platform or cage that is raised and lowered mechanically in a vertical shaft in order to move people from one floor to another in a building"", ""plastic surgery to remove wrinkles and other signs of aging from your face; an incision is made near the hair line and skin is pulled back and excess tissue is excised"", ""transportation of people or goods by air (especially when other means of access are unavailable)"", ""a ride in a car"", ""the act of raising something""], ""v"": [""raise from a lower to a higher position"", ""take hold of something and move it to a different location"", ""move upwards"", ""move upward"", ""make audible"", ""cancel officially"", ""make off with belongings of others"", ""raise or haul up with or as if with mechanical help"", ""invigorate or heighten"", ""raise in rank or condition"", ""take off or away by decreasing"", ""rise up"", ""pay off (a mortgage)"", ""take without referencing from someone else's writing or speech; of intellectual property"", ""take illegally"", ""fly people or goods to or from places not accessible by other means"", ""take (root crops) out of the ground"", ""call to stop the hunt or to retire, as of hunting dogs"", ""rise upward, as from pressure or moisture"", ""put an end to"", ""remove (hair) by scalping"", ""remove from a seedbed or from a nursery"", ""remove from a surface"", ""perform cosmetic surgery on someone's face""]}",image.4695.jpg,n,9.0,"Text Context: Before the reunion, she decided it was time for a lift.
Ambiguous Word: lift
---
Sense List:
 1. the act of giving temporary assistance
 2. the component of the aerodynamic forces acting on an airfoil that opposes gravity
 3. the event of something being raised upward
 4. a wave that lifts the surface of the water or ground
 5. a powered conveyance that carries skiers up a hill
 6. a device worn in a shoe or boot to make the wearer look taller or to correct a shortened leg
 7. one of the layers forming the heel of a shoe or boot
 8. lifting device consisting of a platform or cage that is raised and lowered mechanically in a vertical shaft in order to move people from one floor to another in a building
 9. plastic surgery to remove wrinkles and other signs of aging from your face; an incision is made near the hair line and skin is pulled back and excess tissue is excised
 10. transportation of people or goods by air (especially when other means of access are unavailable)
 11. a ride in a car
 12. the act of raising something
---
Image Web Search Results:
The 'Searched Web Content' mentions ""Breast Lift"" as one of the types of breast surgery that can be followed by chronic breast pain. This indicates that ""lift"" in the context of the image could refer to a surgical procedure, specifically a breast lift. The context sentence ""Before the reunion, she decided it was time for a lift."" might be referring to a decision to undergo a breast lift surgery, which aligns with the surgical setting depicted in the image.
---
You are an expert linguistic annotator. A specific target word found within the context of a given text, and a list of potential senses for that word are provided. Your task is to determine the correct sense by selecting the one that most directly aligns with the context and its background event.
---
Decision Logic & Rules
Follow these rules in order of priority to make your decision:

First, take a look at the given context: The image, 'Text Context', and 'Image Web Search Results'. Leverage those context to analyze any significant background context is provided in the image. If such information exists, prioritize the sense that best fits this background information, even if it is not the most direct match for the visual content.

Directness of Meaning: If no meaningful background information can be obtained from the web search results, choose the sense that provides the most direct and specific fit for the visual and linguistic context. Even if a perfect match does not exist, select the sense that is the closest indirect match.
---
After all your reasoning is finished, read through the list of senses provided once again, carefully and in detail, one by one. Then, provide your final decision as the format 'A: [sense number]' and end your generation. In here, [sense number] is the index of your chosen sense from the provided list.
","The image depicts a surgical setting with medical personnel operating on a patient. The text context mentions ""a lift"" before a reunion. Considering the image and the web search results mentioning ""Breast Lift"" as a surgical procedure, sense 9, ""plastic surgery to remove wrinkles and other signs of aging from your face; an incision is made near the hair line and skin is pulled back and excess tissue is excised,"" is the most appropriate. While a breast lift isn't explicitly visible, the surgical environment strongly suggests a cosmetic procedure.

A: 9",9.0,12.0
50,frame,The vet was worried that the puppy's frame was still too fragile for long walks.,"{""n"": [""the framework for a pair of eyeglasses"", ""a single one of a series of still transparent pictures forming a cinema, television or video film"", ""alternative names for the body of a human being"", ""(baseball) one of nine divisions of play during which each team has a turn at bat"", ""a single drawing in a comic_strip"", ""an application that divides the user's display into two or more windows that can be scrolled independently"", ""a system of assumptions and standards that sanction behavior and give it meaning"", ""the hard structure (bones and cartilages) that provides a frame for the body of an animal"", ""the internal supporting structure that gives an artifact its shape"", ""a framework that supports and protects a picture or a mirror"", ""one of the ten divisions into which bowling is divided""], ""v"": [""enclose in or as if in a frame"", ""enclose in a frame, as of a picture"", ""take or catch as if in a snare or trap"", ""formulate in a particular style or language"", ""make up plans or basic details for"", ""construct by fitting or uniting parts together""]}",image.4861.jpg,n,8.0,"Text Context: The vet was worried that the puppy's frame was still too fragile for long walks.
Ambiguous Word: frame
---
Sense List:
 1. the framework for a pair of eyeglasses
 2. a single one of a series of still transparent pictures forming a cinema, television or video film
 3. alternative names for the body of a human being
 4. (baseball) one of nine divisions of play during which each team has a turn at bat
 5. a single drawing in a comic_strip
 6. an application that divides the user's display into two or more windows that can be scrolled independently
 7. a system of assumptions and standards that sanction behavior and give it meaning
 8. the hard structure (bones and cartilages) that provides a frame for the body of an animal
 9. the internal supporting structure that gives an artifact its shape
 10. a framework that supports and protects a picture or a mirror
 11. one of the ten divisions into which bowling is divided
---
Image Web Search Results:

---
You are an expert linguistic annotator. A specific target word found within the context of a given text, and a list of potential senses for that word are provided. Your task is to determine the correct sense by selecting the one that most directly aligns with the context and its background event.
---
Decision Logic & Rules
Follow these rules in order of priority to make your decision:

First, take a look at the given context: The image, 'Text Context', and 'Image Web Search Results'. Leverage those context to analyze any significant background context is provided in the image. If such information exists, prioritize the sense that best fits this background information, even if it is not the most direct match for the visual content.

Directness of Meaning: If no meaningful background information can be obtained from the web search results, choose the sense that provides the most direct and specific fit for the visual and linguistic context. Even if a perfect match does not exist, select the sense that is the closest indirect match.
---
After all your reasoning is finished, read through the list of senses provided once again, carefully and in detail, one by one. Then, provide your final decision as the format 'A: [sense number]' and end your generation. In here, [sense number] is the index of your chosen sense from the provided list.
","The text refers to a puppy's ""frame"" being too fragile for long walks. This clearly refers to the skeletal structure of the puppy. The image shows a human skeleton, which visually reinforces this understanding of ""frame"" as the body's supporting structure.

A: 8",8.0,11.0
70,track,We met near the track after dinner and stayed to watch the lights come on.,"{""n"": [""a line or route along which something travels or moves"", ""evidence pointing to a possible solution"", ""a pair of parallel rails providing a runway for wheels"", ""a course over which races are run"", ""a distinct selection of music from a recording or a compact disc"", ""an endless metal belt on which tracked vehicles move over the ground"", ""(computer science) one of the circular magnetic paths on a magnetic disk that serve as a guide for writing and reading data"", ""a groove on a phonograph recording"", ""a bar or pair of parallel bars of rolled steel making the railway along which railroad cars or other vehicles can roll"", ""any road or path affording passage especially a rough one"", ""the act of participating in an athletic competition involving running on a track""], ""v"": [""carry on the feet and deposit"", ""observe or plot the moving path of something"", ""go after with the intent to catch"", ""travel across or pass over"", ""make tracks upon""]}",image.5041.jpg,n,4.0,"Text Context: We met near the track after dinner and stayed to watch the lights come on.
Ambiguous Word: track
---
Sense List:
 1. a line or route along which something travels or moves
 2. evidence pointing to a possible solution
 3. a pair of parallel rails providing a runway for wheels
 4. a course over which races are run
 5. a distinct selection of music from a recording or a compact disc
 6. an endless metal belt on which tracked vehicles move over the ground
 7. (computer science) one of the circular magnetic paths on a magnetic disk that serve as a guide for writing and reading data
 8. a groove on a phonograph recording
 9. a bar or pair of parallel bars of rolled steel making the railway along which railroad cars or other vehicles can roll
 10. any road or path affording passage especially a rough one
 11. the act of participating in an athletic competition involving running on a track
---
Image Web Search Results:
The 'Searched Web Content' provides information about track and field sports, which includes the term 'track' referring to a running track. In the context of the sentence ""We met near the track after dinner and stayed to watch the lights come on,"" the word 'track' likely refers to a running track, which is consistent with the image showing a stadium with a running track. The content from the search results confirms that 'track' in this context is related to the athletic facility where track and field events take place.
---
You are an expert linguistic annotator. A specific target word found within the context of a given text, and a list of potential senses for that word are provided. Your task is to determine the correct sense by selecting the one that most directly aligns with the context and its background event.
---
Decision Logic & Rules
Follow these rules in order of priority to make your decision:

First, take a look at the given context: The image, 'Text Context', and 'Image Web Search Results'. Leverage those context to analyze any significant background context is provided in the image. If such information exists, prioritize the sense that best fits this background information, even if it is not the most direct match for the visual content.

Directness of Meaning: If no meaningful background information can be obtained from the web search results, choose the sense that provides the most direct and specific fit for the visual and linguistic context. Even if a perfect match does not exist, select the sense that is the closest indirect match.
---
After all your reasoning is finished, read through the list of senses provided once again, carefully and in detail, one by one. Then, provide your final decision as the format 'A: [sense number]' and end your generation. In here, [sense number] is the index of your chosen sense from the provided list.
","The image clearly shows a running track within a stadium. The text context mentions meeting ""near the track"" and watching the lights come on, which aligns perfectly with the image. The web search results confirm that ""track"" can refer to a running track in the context of sports. Therefore, sense 4, ""a course over which races are run,"" is the most appropriate meaning.

A: 4",4.0,11.0
111,frame,I touched up the frame before hanging it in the hall.,"{""n"": [""the framework for a pair of eyeglasses"", ""a single one of a series of still transparent pictures forming a cinema, television or video film"", ""alternative names for the body of a human being"", ""(baseball) one of nine divisions of play during which each team has a turn at bat"", ""a single drawing in a comic_strip"", ""an application that divides the user's display into two or more windows that can be scrolled independently"", ""a system of assumptions and standards that sanction behavior and give it meaning"", ""the hard structure (bones and cartilages) that provides a frame for the body of an animal"", ""the internal supporting structure that gives an artifact its shape"", ""a framework that supports and protects a picture or a mirror"", ""one of the ten divisions into which bowling is divided""], ""v"": [""enclose in or as if in a frame"", ""enclose in a frame, as of a picture"", ""take or catch as if in a snare or trap"", ""formulate in a particular style or language"", ""make up plans or basic details for"", ""construct by fitting or uniting parts together""]}",image.5408.jpg,n,10.0,"Text Context: I touched up the frame before hanging it in the hall.
Ambiguous Word: frame
---
Sense List:
 1. the framework for a pair of eyeglasses
 2. a single one of a series of still transparent pictures forming a cinema, television or video film
 3. alternative names for the body of a human being
 4. (baseball) one of nine divisions of play during which each team has a turn at bat
 5. a single drawing in a comic_strip
 6. an application that divides the user's display into two or more windows that can be scrolled independently
 7. a system of assumptions and standards that sanction behavior and give it meaning
 8. the hard structure (bones and cartilages) that provides a frame for the body of an animal
 9. the internal supporting structure that gives an artifact its shape
 10. a framework that supports and protects a picture or a mirror
 11. one of the ten divisions into which bowling is divided
---
Image Web Search Results:
The 'Searched Web Content' provides clear information about what a frame is, particularly in the context of picture frames. It explains that a picture frame is a border, usually made of wood or metal, that goes around a picture, photo, or painting. This helps to understand the context of the sentence ""I touched up the frame before hanging it in the hall,"" as it indicates that the frame being referred to is likely a picture frame. The content also mentions that picture frames help protect the artwork and make it look nicer when displayed, which aligns with the action of touching up the frame before hanging it. This information is directly relevant to the image, which shows multiple wooden frames that appear to be picture frames.
---
You are an expert linguistic annotator. A specific target word found within the context of a given text, and a list of potential senses for that word are provided. Your task is to determine the correct sense by selecting the one that most directly aligns with the context and its background event.
---
Decision Logic & Rules
Follow these rules in order of priority to make your decision:

First, take a look at the given context: The image, 'Text Context', and 'Image Web Search Results'. Leverage those context to analyze any significant background context is provided in the image. If such information exists, prioritize the sense that best fits this background information, even if it is not the most direct match for the visual content.

Directness of Meaning: If no meaningful background information can be obtained from the web search results, choose the sense that provides the most direct and specific fit for the visual and linguistic context. Even if a perfect match does not exist, select the sense that is the closest indirect match.
---
After all your reasoning is finished, read through the list of senses provided once again, carefully and in detail, one by one. Then, provide your final decision as the format 'A: [sense number]' and end your generation. In here, [sense number] is the index of your chosen sense from the provided list.
","The image shows several wooden frames, likely for pictures or mirrors. The text states someone ""touched up the frame before hanging it in the hall."" This clearly refers to a decorative border used to hold a picture or mirror. Therefore, sense 10, ""a framework that supports and protects a picture or a mirror,"" is the most appropriate.

A: 10",10.0,11.0
127,track,The track was caked with mud when we got back.,"{""n"": [""a line or route along which something travels or moves"", ""evidence pointing to a possible solution"", ""a pair of parallel rails providing a runway for wheels"", ""a course over which races are run"", ""a distinct selection of music from a recording or a compact disc"", ""an endless metal belt on which tracked vehicles move over the ground"", ""(computer science) one of the circular magnetic paths on a magnetic disk that serve as a guide for writing and reading data"", ""a groove on a phonograph recording"", ""a bar or pair of parallel bars of rolled steel making the railway along which railroad cars or other vehicles can roll"", ""any road or path affording passage especially a rough one"", ""the act of participating in an athletic competition involving running on a track""], ""v"": [""carry on the feet and deposit"", ""observe or plot the moving path of something"", ""go after with the intent to catch"", ""travel across or pass over"", ""make tracks upon""]}",image.5551.jpg,n,6.0,"Text Context: The track was caked with mud when we got back.
Ambiguous Word: track
---
Sense List:
 1. a line or route along which something travels or moves
 2. evidence pointing to a possible solution
 3. a pair of parallel rails providing a runway for wheels
 4. a course over which races are run
 5. a distinct selection of music from a recording or a compact disc
 6. an endless metal belt on which tracked vehicles move over the ground
 7. (computer science) one of the circular magnetic paths on a magnetic disk that serve as a guide for writing and reading data
 8. a groove on a phonograph recording
 9. a bar or pair of parallel bars of rolled steel making the railway along which railroad cars or other vehicles can roll
 10. any road or path affording passage especially a rough one
 11. the act of participating in an athletic competition involving running on a track
---
Image Web Search Results:
The 'Searched Web Content' provides information about rubber tracks for Caterpillar track loaders, which are used in construction equipment. This context helps clarify that the 'track' in the sentence ""The track was caked with mud when we got back."" refers to the continuous track of a heavy machinery vehicle, such as a bulldozer or track loader, which is consistent with the entities identified in the image (Continuous track, Bulldozer, Caterpillar Inc.). The content also indicates that these tracks can get caked with mud, supporting the context of the sentence.
---
You are an expert linguistic annotator. A specific target word found within the context of a given text, and a list of potential senses for that word are provided. Your task is to determine the correct sense by selecting the one that most directly aligns with the context and its background event.
---
Decision Logic & Rules
Follow these rules in order of priority to make your decision:

First, take a look at the given context: The image, 'Text Context', and 'Image Web Search Results'. Leverage those context to analyze any significant background context is provided in the image. If such information exists, prioritize the sense that best fits this background information, even if it is not the most direct match for the visual content.

Directness of Meaning: If no meaningful background information can be obtained from the web search results, choose the sense that provides the most direct and specific fit for the visual and linguistic context. Even if a perfect match does not exist, select the sense that is the closest indirect match.
---
After all your reasoning is finished, read through the list of senses provided once again, carefully and in detail, one by one. Then, provide your final decision as the format 'A: [sense number]' and end your generation. In here, [sense number] is the index of your chosen sense from the provided list.
","The image shows the track of a construction vehicle, specifically the continuous metal belt that allows it to move. The text context states the track was caked with mud, which aligns with the visual of a dirty track on a vehicle. The web search results confirm this interpretation, discussing rubber tracks for construction equipment like track loaders and mentioning they can get covered in mud. Therefore, sense 6 is the most appropriate.

A: 6",6.0,11.0
178,check,"At the table, he called check and everyone leaned in.","{""n"": [""a written order directing a bank to pay money"", ""an appraisal of the state of affairs"", ""the bill in a restaurant"", ""the state of inactivity following an interruption"", ""additional proof that something that was believed (some fact or hypothesis or theory) is correct"", ""the act of inspecting or verifying"", ""a mark indicating that something has been noted or completed etc."", ""something immaterial that interferes with or delays action or progress"", ""a mark left after a small piece has been chopped or broken off of something"", ""a textile pattern of squares or crossed lines (resembling a checkerboard)"", ""the act of restraining power or action or limiting excess"", ""obstructing an opponent in ice hockey"", ""(chess) a direct attack on an opponent's king""], ""v"": [""examine so as to determine accuracy, quality, or condition"", ""make an examination or investigation"", ""be careful or certain to do something; make certain of something"", ""lessen the intensity of; temper; hold in restraint; hold or keep within limits"", ""stop for a moment, as if out of uncertainty or caution"", ""put a check mark on or near or next to"", ""slow the growth or development of"", ""be verified or confirmed; pass inspection"", ""be compatible, similar or consistent; coincide in their characteristics"", ""block or impede (a player from the opposing team) in ice hockey"", ""develop (children's) behavior by instruction and practice; especially to teach self-control"", ""consign for shipment on a vehicle"", ""hand over something to somebody as for temporary safekeeping"", ""abandon the intended prey, turn, and pursue an inferior prey"", ""stop in a chase especially when scent is lost"", ""mark into squares or draw squares on; draw crossed lines on"", ""decline to initiate betting"", ""hold back, as of a danger or an enemy; check the expansion or influence of"", ""place into check"", ""write out a check on a bank account"", ""find out, learn, or determine with certainty, usually by making an inquiry or other effort"", ""verify by consulting a source or authority"", ""arrest the motion (of something) abruptly"", ""make cracks or chinks in"", ""become fractured; break or crack on the surface only""]}",image.3275.jpg,n,13.0,"Text Context: At the table, he called check and everyone leaned in.
Ambiguous Word: check
---
Sense List:
 1. a written order directing a bank to pay money
 2. an appraisal of the state of affairs
 3. the bill in a restaurant
 4. the state of inactivity following an interruption
 5. additional proof that something that was believed (some fact or hypothesis or theory) is correct
 6. the act of inspecting or verifying
 7. a mark indicating that something has been noted or completed etc.
 8. something immaterial that interferes with or delays action or progress
 9. a mark left after a small piece has been chopped or broken off of something
 10. a textile pattern of squares or crossed lines (resembling a checkerboard)
 11. the act of restraining power or action or limiting excess
 12. obstructing an opponent in ice hockey
 13. (chess) a direct attack on an opponent's king
---
Image Web Search Results:
The searched web content provides relevant information about the term ""check"" in the context of chess. The content mentions ""checkmate"" and its derivation from the Persian phrase ""Shah,"" which is directly related to the game of chess. In chess, ""check"" refers to a situation where the king is under immediate threat of capture. The image shows chess pieces on a chessboard, which aligns with the context of the sentence where ""he called check."" This information helps clarify that ""check"" in the sentence is related to the chess game, indicating that the king is under threat.
---
You are an expert linguistic annotator. A specific target word found within the context of a given text, and a list of potential senses for that word are provided. Your task is to determine the correct sense by selecting the one that most directly aligns with the context and its background event.
---
Decision Logic & Rules
Follow these rules in order of priority to make your decision:

First, take a look at the given context: The image, 'Text Context', and 'Image Web Search Results'. Leverage those context to analyze any significant background context is provided in the image. If such information exists, prioritize the sense that best fits this background information, even if it is not the most direct match for the visual content.

Directness of Meaning: If no meaningful background information can be obtained from the web search results, choose the sense that provides the most direct and specific fit for the visual and linguistic context. Even if a perfect match does not exist, select the sense that is the closest indirect match.
---
After all your reasoning is finished, read through the list of senses provided once again, carefully and in detail, one by one. Then, provide your final decision as the format 'A: [sense number]' and end your generation. In here, [sense number] is the index of your chosen sense from the provided list.
","The image shows chess pieces – a king, a queen, and a black king – on a chessboard. The text context mentions ""check"" in a situation where people ""leaned in,"" suggesting a game is in progress. The web search results confirm that ""check"" in chess refers to a threat to the opponent's king. Therefore, the most appropriate sense of ""check"" is the one related to chess.

A: 13",13.0,13.0
223,card,She quietly left a card in the foyer before heading out.,"{""n"": [""one of a set of small pieces of stiff paper marked in various ways and used for playing games or for telling fortunes"", ""a card certifying the identity of the bearer"", ""a rectangular piece of stiff paper used to send messages (may have printed greetings or pictures)"", ""thin cardboard, usually rectangular"", ""a witty amusing person who makes jokes"", ""a sign posted in a public place as an advertisement"", ""a printed or written greeting that is left to indicate that you have visited"", ""(golf) a record of scores (as in golf)"", ""a list of dishes available at a restaurant"", ""(baseball) a list of batters in the order in which they will bat"", ""a printed circuit that can be inserted into expansion slots in a computer to increase the computer's capabilities""], ""v"": [""separate the fibers of"", ""ask someone for identification to determine whether he or she is old enough to consume liquor""]}",image.6323.jpg,n,7.0,"Text Context: She quietly left a card in the foyer before heading out.
Ambiguous Word: card
---
Sense List:
 1. one of a set of small pieces of stiff paper marked in various ways and used for playing games or for telling fortunes
 2. a card certifying the identity of the bearer
 3. a rectangular piece of stiff paper used to send messages (may have printed greetings or pictures)
 4. thin cardboard, usually rectangular
 5. a witty amusing person who makes jokes
 6. a sign posted in a public place as an advertisement
 7. a printed or written greeting that is left to indicate that you have visited
 8. (golf) a record of scores (as in golf)
 9. a list of dishes available at a restaurant
 10. (baseball) a list of batters in the order in which they will bat
 11. a printed circuit that can be inserted into expansion slots in a computer to increase the computer's capabilities
---
Image Web Search Results:

---
You are an expert linguistic annotator. A specific target word found within the context of a given text, and a list of potential senses for that word are provided. Your task is to determine the correct sense by selecting the one that most directly aligns with the context and its background event.
---
Decision Logic & Rules
Follow these rules in order of priority to make your decision:

First, take a look at the given context: The image, 'Text Context', and 'Image Web Search Results'. Leverage those context to analyze any significant background context is provided in the image. If such information exists, prioritize the sense that best fits this background information, even if it is not the most direct match for the visual content.

Directness of Meaning: If no meaningful background information can be obtained from the web search results, choose the sense that provides the most direct and specific fit for the visual and linguistic context. Even if a perfect match does not exist, select the sense that is the closest indirect match.
---
After all your reasoning is finished, read through the list of senses provided once again, carefully and in detail, one by one. Then, provide your final decision as the format 'A: [sense number]' and end your generation. In here, [sense number] is the index of your chosen sense from the provided list.
","The image shows a small, rectangular piece of paper with handwritten text: ""Louis Pasteur, Membre de l'Institut, École Normale, rue d'Ulm, 45"". This is clearly a calling card, used to leave one's name and affiliation when visiting someone. The text context states ""She quietly left a card in the foyer before heading out,"" which aligns perfectly with this observation.

Therefore, the most appropriate sense is the one referring to a printed or written greeting left to indicate a visit.

A: 7",7.0,11.0
232,dip,I had to dip to squeeze past the crowd.,"{""n"": [""a depression in an otherwise level surface"", ""(physics) the angle that a magnetic needle makes with the plane of the horizon"", ""a thief who steals from the pockets or purses of others in public places"", ""tasty mixture or liquid into which bite-sized foods are dipped"", ""a brief immersion"", ""a sudden sharp decrease in some quantity"", ""a candle that is made by repeated dipping in a pool of wax or tallow"", ""a brief swim in water"", ""a gymnastic exercise on the parallel bars in which the body is lowered and raised by bending and straightening the arms""], ""v"": [""immerse briefly into a liquid so as to wet, coat, or saturate"", ""dip into a liquid while eating"", ""go down momentarily"", ""stain an object by immersing it in a liquid"", ""take a small amount from"", ""switch (a car's headlights) from a higher to a lower beam"", ""lower briefly"", ""appear to move downward"", ""slope downwards"", ""dip into a liquid"", ""place (candle wicks) into hot, liquid wax"", ""immerse in a disinfectant solution"", ""plunge (one's hand or a receptacle) into a container"", ""scoop up by plunging one's hand or a ladle below the surface""]}",image.6383.jpg,v,7.0,"Text Context: I had to dip to squeeze past the crowd.
Ambiguous Word: dip
---
Sense List:
 1. immerse briefly into a liquid so as to wet, coat, or saturate
 2. dip into a liquid while eating
 3. go down momentarily
 4. stain an object by immersing it in a liquid
 5. take a small amount from
 6. switch (a car's headlights) from a higher to a lower beam
 7. lower briefly
 8. appear to move downward
 9. slope downwards
 10. dip into a liquid
 11. place (candle wicks) into hot, liquid wax
 12. immerse in a disinfectant solution
 13. plunge (one's hand or a receptacle) into a container
 14. scoop up by plunging one's hand or a ladle below the surface
---
Image Web Search Results:
The 'Searched Web Content' provides information about 'dip' as an exercise, specifically referring to 'dips' as a calisthenics exercise that targets the upper body, particularly the triceps and chest muscles. This is relevant to the image, which shows a person performing a dip exercise on parallel bars in a park. The context sentence ""I had to dip to squeeze past the crowd"" uses 'dip' in a different sense (to bend down), but the image clearly depicts the exercise meaning of 'dip'. The content helps clarify that the image is related to the exercise term 'dip', not the action of bending down.
---
You are an expert linguistic annotator. A specific target word found within the context of a given text, and a list of potential senses for that word are provided. Your task is to determine the correct sense by selecting the one that most directly aligns with the context and its background event.
---
Decision Logic & Rules
Follow these rules in order of priority to make your decision:

First, take a look at the given context: The image, 'Text Context', and 'Image Web Search Results'. Leverage those context to analyze any significant background context is provided in the image. If such information exists, prioritize the sense that best fits this background information, even if it is not the most direct match for the visual content.

Directness of Meaning: If no meaningful background information can be obtained from the web search results, choose the sense that provides the most direct and specific fit for the visual and linguistic context. Even if a perfect match does not exist, select the sense that is the closest indirect match.
---
After all your reasoning is finished, read through the list of senses provided once again, carefully and in detail, one by one. Then, provide your final decision as the format 'A: [sense number]' and end your generation. In here, [sense number] is the index of your chosen sense from the provided list.
","The image shows a person performing dips on parallel bars, which is a calisthenics exercise. The web search results confirm that ""dip"" can refer to this exercise. While the text context ""I had to dip to squeeze past the crowd"" suggests bending down, the image clearly illustrates the exercise meaning of ""dip"". Therefore, the most appropriate sense is the one related to the exercise.

A: 7",7.0,14.0
236,flip,"If we can’t decide, we’ll just flip and go.","{""n"": [""an acrobatic feat in which the feet roll over the head (either forward or backward) and return"", ""hot or cold alcoholic mixed drink containing a beaten egg"", ""a sudden, quick movement"", ""the act of flipping a coin"", ""a dive in which the diver somersaults before entering the water"", ""(sports) the act of throwing the ball to another member of your team""], ""v"": [""lightly throw to see which side comes up"", ""cause to go on or to be engaged or set in operation"", ""look through a book or other written material"", ""toss with a sharp movement so as to cause to turn over in the air"", ""cause to move with a flick"", ""throw or toss with a light motion"", ""move with a flick or light motion"", ""turn upside down, or throw so as to reverse"", ""react in an excited, delighted, or surprised way"", ""go mad, go crazy"", ""reverse (a direction, attitude, or course of action)""], ""a"": [""marked by casual disrespect""]}",image.6419.jpg,v,1.0,"Text Context: If we can’t decide, we’ll just flip and go.
Ambiguous Word: flip
---
Sense List:
 1. lightly throw to see which side comes up
 2. cause to go on or to be engaged or set in operation
 3. look through a book or other written material
 4. toss with a sharp movement so as to cause to turn over in the air
 5. cause to move with a flick
 6. throw or toss with a light motion
 7. move with a flick or light motion
 8. turn upside down, or throw so as to reverse
 9. react in an excited, delighted, or surprised way
 10. go mad, go crazy
 11. reverse (a direction, attitude, or course of action)
---
Image Web Search Results:

---
You are an expert linguistic annotator. A specific target word found within the context of a given text, and a list of potential senses for that word are provided. Your task is to determine the correct sense by selecting the one that most directly aligns with the context and its background event.
---
Decision Logic & Rules
Follow these rules in order of priority to make your decision:

First, take a look at the given context: The image, 'Text Context', and 'Image Web Search Results'. Leverage those context to analyze any significant background context is provided in the image. If such information exists, prioritize the sense that best fits this background information, even if it is not the most direct match for the visual content.

Directness of Meaning: If no meaningful background information can be obtained from the web search results, choose the sense that provides the most direct and specific fit for the visual and linguistic context. Even if a perfect match does not exist, select the sense that is the closest indirect match.
---
After all your reasoning is finished, read through the list of senses provided once again, carefully and in detail, one by one. Then, provide your final decision as the format 'A: [sense number]' and end your generation. In here, [sense number] is the index of your chosen sense from the provided list.
","The image shows two men in what appears to be cricket whites, engaged in a discussion. One man is gesturing with his hand, possibly indicating a coin. The text ""If we can’t decide, we’ll just flip and go"" suggests a method for resolving a disagreement.

Given the context, the most appropriate sense of ""flip"" is to toss a coin to decide something. This aligns with the image of a possible coin toss to resolve a decision.

A: 1",1.0,11.0
269,balance,The balance was already on the counter when we got to the market.,"{""n"": [""a state of equilibrium"", ""equality between the totals of the credit and debit sides of an account"", ""harmonious arrangement or relation of parts or elements within a whole (as in a design); - John Ruskin"", ""equality of distribution"", ""something left after other parts have been taken away"", ""the difference between the totals of the credit and debit sides of an account"", ""(astrology) a person who is born while the sun is in Libra"", ""the seventh sign of the zodiac; the sun is in this sign from about September 23 to October 22"", ""(mathematics) an attribute of a shape or relation; exact reflection of form on opposite sides of a dividing line or plane"", ""a weight that balances another weight"", ""a wheel that regulates the rate of movement in a machine; especially a wheel oscillating against the hairspring of a timepiece to regulate its beat"", ""a scale for weighing; depends on pull of gravity""], ""v"": [""bring into balance or equilibrium"", ""compute credits and debits of an account"", ""hold or carry in equilibrium"", ""be in equilibrium""]}",image.2098.jpg,n,12.0,"Text Context: The balance was already on the counter when we got to the market.
Ambiguous Word: balance
---
Sense List:
 1. a state of equilibrium
 2. equality between the totals of the credit and debit sides of an account
 3. harmonious arrangement or relation of parts or elements within a whole (as in a design); - John Ruskin
 4. equality of distribution
 5. something left after other parts have been taken away
 6. the difference between the totals of the credit and debit sides of an account
 7. (astrology) a person who is born while the sun is in Libra
 8. the seventh sign of the zodiac; the sun is in this sign from about September 23 to October 22
 9. (mathematics) an attribute of a shape or relation; exact reflection of form on opposite sides of a dividing line or plane
 10. a weight that balances another weight
 11. a wheel that regulates the rate of movement in a machine; especially a wheel oscillating against the hairspring of a timepiece to regulate its beat
 12. a scale for weighing; depends on pull of gravity
---
Image Web Search Results:
The 'Searched Web Content' includes multiple references to 'weighing scale' and 'weighing machine', which are directly related to the 'Entities in Image' (Weighing scale). The context sentence mentions 'balance' in the context of a market, which is likely referring to a weighing scale used for measuring weight. The Wikipedia entries and YouTube videos about weighing scales provide relevant information about the function and use of such devices, confirming that 'balance' in this context refers to a weighing scale.
---
You are an expert linguistic annotator. A specific target word found within the context of a given text, and a list of potential senses for that word are provided. Your task is to determine the correct sense by selecting the one that most directly aligns with the context and its background event.
---
Decision Logic & Rules
Follow these rules in order of priority to make your decision:

First, take a look at the given context: The image, 'Text Context', and 'Image Web Search Results'. Leverage those context to analyze any significant background context is provided in the image. If such information exists, prioritize the sense that best fits this background information, even if it is not the most direct match for the visual content.

Directness of Meaning: If no meaningful background information can be obtained from the web search results, choose the sense that provides the most direct and specific fit for the visual and linguistic context. Even if a perfect match does not exist, select the sense that is the closest indirect match.
---
After all your reasoning is finished, read through the list of senses provided once again, carefully and in detail, one by one. Then, provide your final decision as the format 'A: [sense number]' and end your generation. In here, [sense number] is the index of your chosen sense from the provided list.
","The image shows a traditional weighing scale with pans and weights. The text context mentions a ""market,"" further reinforcing the idea of a device used for measuring weight. The web search results confirm that ""balance"" can refer to a ""weighing scale"" or ""weighing machine.""

Considering this, the most appropriate sense of ""balance"" in this context is the one relating to a scale for weighing.

A: 12",12.0,12.0
287,crown,I noticed the crown in the glass case by the window.,"{""n"": [""the Crown (or the reigning monarch) as the symbol of the power and authority of a monarchy"", ""the part of a tooth above the gum that is covered with enamel"", ""a wreath or garland worn on the head to signify victory"", ""an ornamental jeweled headdress signifying sovereignty"", ""the part of a hat (the vertex) that covers the crown of the head"", ""an English coin worth 5 shillings"", ""the upper branches and leaves of a tree or other plant"", ""the top or extreme point of something (usually a mountain or hill)"", ""the award given to the champion"", ""the top of the head"", ""(dentistry) dental appliance consisting of an artificial crown for a broken or decayed tooth"", ""the center of a cambered road""], ""v"": [""invest with regal power; enthrone"", ""be the culminating event"", ""form the topmost part of"", ""put an enamel cover on""]}",image.1096.jpg,n,4.0,"Text Context: I noticed the crown in the glass case by the window.
Ambiguous Word: crown
---
Sense List:
 1. the Crown (or the reigning monarch) as the symbol of the power and authority of a monarchy
 2. the part of a tooth above the gum that is covered with enamel
 3. a wreath or garland worn on the head to signify victory
 4. an ornamental jeweled headdress signifying sovereignty
 5. the part of a hat (the vertex) that covers the crown of the head
 6. an English coin worth 5 shillings
 7. the upper branches and leaves of a tree or other plant
 8. the top or extreme point of something (usually a mountain or hill)
 9. the award given to the champion
 10. the top of the head
 11. (dentistry) dental appliance consisting of an artificial crown for a broken or decayed tooth
 12. the center of a cambered road
---
Image Web Search Results:
The Searched Web Content includes a reference to ""Diadem - Wikipedia,"" which is relevant because a diadem is a type of crown or headpiece, often used in historical or royal contexts. This information helps clarify that the ""crown"" mentioned in the context sentence likely refers to a decorative headpiece, such as the one displayed in the image. The other entries in the Searched Web Content do not provide specific information about the meaning of ""crown"" in this context.
---
You are an expert linguistic annotator. A specific target word found within the context of a given text, and a list of potential senses for that word are provided. Your task is to determine the correct sense by selecting the one that most directly aligns with the context and its background event.
---
Decision Logic & Rules
Follow these rules in order of priority to make your decision:

First, take a look at the given context: The image, 'Text Context', and 'Image Web Search Results'. Leverage those context to analyze any significant background context is provided in the image. If such information exists, prioritize the sense that best fits this background information, even if it is not the most direct match for the visual content.

Directness of Meaning: If no meaningful background information can be obtained from the web search results, choose the sense that provides the most direct and specific fit for the visual and linguistic context. Even if a perfect match does not exist, select the sense that is the closest indirect match.
---
After all your reasoning is finished, read through the list of senses provided once again, carefully and in detail, one by one. Then, provide your final decision as the format 'A: [sense number]' and end your generation. In here, [sense number] is the index of your chosen sense from the provided list.
","The image shows a jeweled headpiece displayed in a museum setting. The text mentions a ""crown"" in a glass case. The web search results point to ""Diadem - Wikipedia,"" which is a type of crown. Therefore, the most appropriate sense of ""crown"" in this context is an ornamental jeweled headdress signifying sovereignty.

A: 4",4.0,12.0
326,lead,"At the open mic, I can lead the chorus if you want.","{""n"": [""an advantage held by a competitor in a race"", ""a soft heavy toxic malleable metallic element; bluish white when freshly cut but tarnishes readily to dull grey"", ""evidence pointing to a possible solution"", ""a position of leadership (especially in the phrase `take the lead')"", ""the angle between the direction a gun is aimed and the position of a moving target (correcting for the flight time of the missile)"", ""the introductory section of a story"", ""(sports) the score by which a team or individual is winning"", ""an actor who plays a principal role"", ""(baseball) the position taken by a base runner preparing to advance to the next base"", ""an indication of potential opportunity"", ""a news story of major importance"", ""the timing of ignition relative to the position of the piston in an internal-combustion engine"", ""restraint consisting of a rope (or light chain) used to restrain an animal"", ""thin strip of metal used to separate lines of type in printing"", ""mixture of graphite with clay in different degrees of hardness; the marking substance in a pencil"", ""a jumper that consists of a short piece of wire"", ""the playing of a card to start a trick in bridge""], ""v"": [""take somebody somewhere"", ""have as a result or residue"", ""tend to or result in"", ""travel in front of; go in advance of others"", ""cause to undertake a certain action"", ""stretch out over a distance, space, time, or scope; run or extend between two points or beyond a certain point"", ""be in charge of"", ""be ahead of others; be the first"", ""be conducive to"", ""lead, as in the performance of a composition"", ""lead, extend, or afford access"", ""move ahead (of others) in time or space"", ""cause something to pass or lead somewhere"", ""preside over""]}",image.7113.jpg,v,10.0,"Text Context: At the open mic, I can lead the chorus if you want.
Ambiguous Word: lead
---
Sense List:
 1. take somebody somewhere
 2. have as a result or residue
 3. tend to or result in
 4. travel in front of; go in advance of others
 5. cause to undertake a certain action
 6. stretch out over a distance, space, time, or scope; run or extend between two points or beyond a certain point
 7. be in charge of
 8. be ahead of others; be the first
 9. be conducive to
 10. lead, as in the performance of a composition
 11. lead, extend, or afford access
 12. move ahead (of others) in time or space
 13. cause something to pass or lead somewhere
 14. preside over
---
Image Web Search Results:
The searched web content includes a reference to ""Nigel Perrin Musical Director.jpg"" on Wikipedia, which suggests that Nigel Perrin is a musical director. This information is relevant because the context sentence mentions leading a chorus at an open mic, which aligns with the role of a musical director. The term ""lead"" in this context likely refers to directing or conducting the chorus, which is consistent with Nigel Perrin's role as a musical director.
---
You are an expert linguistic annotator. A specific target word found within the context of a given text, and a list of potential senses for that word are provided. Your task is to determine the correct sense by selecting the one that most directly aligns with the context and its background event.
---
Decision Logic & Rules
Follow these rules in order of priority to make your decision:

First, take a look at the given context: The image, 'Text Context', and 'Image Web Search Results'. Leverage those context to analyze any significant background context is provided in the image. If such information exists, prioritize the sense that best fits this background information, even if it is not the most direct match for the visual content.

Directness of Meaning: If no meaningful background information can be obtained from the web search results, choose the sense that provides the most direct and specific fit for the visual and linguistic context. Even if a perfect match does not exist, select the sense that is the closest indirect match.
---
After all your reasoning is finished, read through the list of senses provided once again, carefully and in detail, one by one. Then, provide your final decision as the format 'A: [sense number]' and end your generation. In here, [sense number] is the index of your chosen sense from the provided list.
","The image shows a man conducting, likely a musical director. The web search results confirm this, identifying Nigel Perrin as a musical director. The context mentions ""leading the chorus,"" which directly relates to conducting or directing a musical group. Therefore, the most appropriate sense of ""lead"" is to be in charge of a musical performance.

A: 10",10.0,14.0
393,flat,The child lay flat on the ground to look under the fence.,"{""n"": [""a level tract of land"", ""a shallow box in which seedlings are started"", ""a musical notation indicating one half step lower than the note named"", ""freight car without permanent sides or roof"", ""a deflated pneumatic tire"", ""scenery consisting of a wooden frame covered with painted canvas; part of a stage setting"", ""a suite of rooms usually on one floor of an apartment house""], ""a"": [""having a surface without slope, tilt in which no part is higher or lower than another"", ""having a relatively broad surface in relation to depth or thickness"", ""not modified or restricted by reservations"", ""stretched out and lying at full length along the ground"", ""lacking contrast or shading between tones"", ""(of a musical note) lowered in pitch by one chromatic semitone"", ""flattened laterally along the whole length (e.g., certain leafstalks or flatfishes)"", ""lacking taste or flavor or tang"", ""lacking stimulating characteristics; uninteresting"", ""having lost effervescence"", ""sounded or spoken in a tone unvarying in pitch"", ""horizontally level"", ""lacking the expected range or depth; not designed to give an illusion or depth"", ""not reflecting light; not glossy"", ""commercially inactive""], ""r"": [""with flat sails"", ""in a forthright manner; candidly or frankly""]}",image.7596.jpg,a,4.0,"Text Context: The child lay flat on the ground to look under the fence.
Ambiguous Word: flat
---
Sense List:
 1. having a surface without slope, tilt in which no part is higher or lower than another
 2. having a relatively broad surface in relation to depth or thickness
 3. not modified or restricted by reservations
 4. stretched out and lying at full length along the ground
 5. lacking contrast or shading between tones
 6. (of a musical note) lowered in pitch by one chromatic semitone
 7. flattened laterally along the whole length (e.g., certain leafstalks or flatfishes)
 8. lacking taste or flavor or tang
 9. lacking stimulating characteristics; uninteresting
 10. having lost effervescence
 11. sounded or spoken in a tone unvarying in pitch
 12. horizontally level
 13. lacking the expected range or depth; not designed to give an illusion or depth
 14. not reflecting light; not glossy
 15. commercially inactive
---
Image Web Search Results:

---
You are an expert linguistic annotator. A specific target word found within the context of a given text, and a list of potential senses for that word are provided. Your task is to determine the correct sense by selecting the one that most directly aligns with the context and its background event.
---
Decision Logic & Rules
Follow these rules in order of priority to make your decision:

First, take a look at the given context: The image, 'Text Context', and 'Image Web Search Results'. Leverage those context to analyze any significant background context is provided in the image. If such information exists, prioritize the sense that best fits this background information, even if it is not the most direct match for the visual content.

Directness of Meaning: If no meaningful background information can be obtained from the web search results, choose the sense that provides the most direct and specific fit for the visual and linguistic context. Even if a perfect match does not exist, select the sense that is the closest indirect match.
---
After all your reasoning is finished, read through the list of senses provided once again, carefully and in detail, one by one. Then, provide your final decision as the format 'A: [sense number]' and end your generation. In here, [sense number] is the index of your chosen sense from the provided list.
","The image shows a person lying horizontally on a wooden platform. The text states ""The child lay flat on the ground"". The most appropriate sense of ""flat"" in this context is the one describing a body position.

A: 4",4.0,15.0
446,dip,"As she stirred, the spoon dipped into the tea for a moment.","{""n"": [""a depression in an otherwise level surface"", ""(physics) the angle that a magnetic needle makes with the plane of the horizon"", ""a thief who steals from the pockets or purses of others in public places"", ""tasty mixture or liquid into which bite-sized foods are dipped"", ""a brief immersion"", ""a sudden sharp decrease in some quantity"", ""a candle that is made by repeated dipping in a pool of wax or tallow"", ""a brief swim in water"", ""a gymnastic exercise on the parallel bars in which the body is lowered and raised by bending and straightening the arms""], ""v"": [""immerse briefly into a liquid so as to wet, coat, or saturate"", ""dip into a liquid while eating"", ""go down momentarily"", ""stain an object by immersing it in a liquid"", ""take a small amount from"", ""switch (a car's headlights) from a higher to a lower beam"", ""lower briefly"", ""appear to move downward"", ""slope downwards"", ""dip into a liquid"", ""place (candle wicks) into hot, liquid wax"", ""immerse in a disinfectant solution"", ""plunge (one's hand or a receptacle) into a container"", ""scoop up by plunging one's hand or a ladle below the surface""]}",image.7975.jpg,v,10.0,"Text Context: As she stirred, the spoon dipped into the tea for a moment.
Ambiguous Word: dip
---
Sense List:
 1. immerse briefly into a liquid so as to wet, coat, or saturate
 2. dip into a liquid while eating
 3. go down momentarily
 4. stain an object by immersing it in a liquid
 5. take a small amount from
 6. switch (a car's headlights) from a higher to a lower beam
 7. lower briefly
 8. appear to move downward
 9. slope downwards
 10. dip into a liquid
 11. place (candle wicks) into hot, liquid wax
 12. immerse in a disinfectant solution
 13. plunge (one's hand or a receptacle) into a container
 14. scoop up by plunging one's hand or a ladle below the surface
---
Image Web Search Results:

---
You are an expert linguistic annotator. A specific target word found within the context of a given text, and a list of potential senses for that word are provided. Your task is to determine the correct sense by selecting the one that most directly aligns with the context and its background event.
---
Decision Logic & Rules
Follow these rules in order of priority to make your decision:

First, take a look at the given context: The image, 'Text Context', and 'Image Web Search Results'. Leverage those context to analyze any significant background context is provided in the image. If such information exists, prioritize the sense that best fits this background information, even if it is not the most direct match for the visual content.

Directness of Meaning: If no meaningful background information can be obtained from the web search results, choose the sense that provides the most direct and specific fit for the visual and linguistic context. Even if a perfect match does not exist, select the sense that is the closest indirect match.
---
After all your reasoning is finished, read through the list of senses provided once again, carefully and in detail, one by one. Then, provide your final decision as the format 'A: [sense number]' and end your generation. In here, [sense number] is the index of your chosen sense from the provided list.
","The text describes a spoon dipping into tea. The image shows people swimming in water. The word ""dip"" in the text refers to immersing something briefly into a liquid. This aligns with the image of people immersing themselves in water. Sense 1, ""immerse briefly into a liquid so as to wet, coat, or saturate,"" and sense 10, ""dip into a liquid"" are the most relevant. Sense 1 is more general and encompasses the action in the image better.

A: 1",1.0,14.0
449,track,We stopped near the track on our way home.,"{""n"": [""a line or route along which something travels or moves"", ""evidence pointing to a possible solution"", ""a pair of parallel rails providing a runway for wheels"", ""a course over which races are run"", ""a distinct selection of music from a recording or a compact disc"", ""an endless metal belt on which tracked vehicles move over the ground"", ""(computer science) one of the circular magnetic paths on a magnetic disk that serve as a guide for writing and reading data"", ""a groove on a phonograph recording"", ""a bar or pair of parallel bars of rolled steel making the railway along which railroad cars or other vehicles can roll"", ""any road or path affording passage especially a rough one"", ""the act of participating in an athletic competition involving running on a track""], ""v"": [""carry on the feet and deposit"", ""observe or plot the moving path of something"", ""go after with the intent to catch"", ""travel across or pass over"", ""make tracks upon""]}",image.7999.jpg,n,3.0,"Text Context: We stopped near the track on our way home.
Ambiguous Word: track
---
Sense List:
 1. a line or route along which something travels or moves
 2. evidence pointing to a possible solution
 3. a pair of parallel rails providing a runway for wheels
 4. a course over which races are run
 5. a distinct selection of music from a recording or a compact disc
 6. an endless metal belt on which tracked vehicles move over the ground
 7. (computer science) one of the circular magnetic paths on a magnetic disk that serve as a guide for writing and reading data
 8. a groove on a phonograph recording
 9. a bar or pair of parallel bars of rolled steel making the railway along which railroad cars or other vehicles can roll
 10. any road or path affording passage especially a rough one
 11. the act of participating in an athletic competition involving running on a track
---
Image Web Search Results:
The Searched Web Content confirms that ""Gleis"" (the Icelandic term for ""track"" in this context) translates to ""railway track"" or ""railroad"" (e.g., ""járnbraut,"" ""lestarspor""). This aligns with the image's entities (rail transport, railway track) and clarifies that ""track"" in the context sentence refers specifically to a railway track, not a general path or other type of track. The mention of ""spor"" as a less common translation further supports the specificity of ""track"" in the context of rail infrastructure.
---
You are an expert linguistic annotator. A specific target word found within the context of a given text, and a list of potential senses for that word are provided. Your task is to determine the correct sense by selecting the one that most directly aligns with the context and its background event.
---
Decision Logic & Rules
Follow these rules in order of priority to make your decision:

First, take a look at the given context: The image, 'Text Context', and 'Image Web Search Results'. Leverage those context to analyze any significant background context is provided in the image. If such information exists, prioritize the sense that best fits this background information, even if it is not the most direct match for the visual content.

Directness of Meaning: If no meaningful background information can be obtained from the web search results, choose the sense that provides the most direct and specific fit for the visual and linguistic context. Even if a perfect match does not exist, select the sense that is the closest indirect match.
---
After all your reasoning is finished, read through the list of senses provided once again, carefully and in detail, one by one. Then, provide your final decision as the format 'A: [sense number]' and end your generation. In here, [sense number] is the index of your chosen sense from the provided list.
","The image clearly shows a railway track with rails and gravel. The text context states they stopped near the track on their way home. The web search results confirm that ""track"" in this context refers to a railway track. Therefore, the most appropriate sense is the one relating to a railway track.

A: 3",3.0,11.0
